,ethnicity,,,,,,,,,
morekids,afam_prop,hispanic_prop,other_prop,afam_hispanic,afam_other,hispanic_other,only_hispanic,only_afam,only_other,majority_prop
no,0.04520673,0.05824701,0.04884558,0.000659304,0,0.0223276,0.03526011,0.04454743,0.02651799,0.1293124
yes,0.0621698,0.10018367,0.06854672,0.000949315,0,0.04191431,0.05732004,0.06122049,0.02663241,0.1880366
